run_id,problem_name,algorithm_name,final_ul_fitness,total_ul_nfe,total_ll_nfe,best_ul_solution,corresponding_ll_solution
1,SMD1,SACE_PSO,1.193624e-03,0,54600,"[ 0.00235778, 0.01802557,-0.01351879]","[-9.24930273e-05,-1.30167003e-02, 9.08500222e-03]"
1,SMD1,SACE_PSO,7.052248e-03,0,54600,"[ 0.0466711 ,-0.00131781,-0.041266  ]","[ 0.04206104, 0.0190208 ,-0.00903974]"
1,SMD1,SACE_PSO,7.960684e-03,0,54600,"[-0.07428568,-0.01378437,-0.01932367]","[-0.01285406, 0.04072719,-0.02673206]"
1,SMD1,SACE_ES_Independent,2.562848e-03,3775,44100,"[0.03021114,0.00466094,0.0164981 ]","[-0.03175084,-0.01319594, 0.00330814]"
