run_id,problem_name,algorithm_name,final_ul_fitness,total_ul_nfe,total_ll_nfe,best_ul_solution,corresponding_ll_solution
1,SMD1,SACE_PSO,1.692029e-02,0,54600,"[ 0.12564095, 0.00037452,-0.01644875]","[-0.02568887, 0.01101262,-0.02553943]"
1,SMD1,SACE_PSO,1.483433e-03,0,54600,"[-0.00032121,-0.02112836, 0.01395491]","[-0.00416902, 0.01613039, 0.03769861]"
1,SMD1,SACE_PSO,4.930581e-03,0,54600,"[-0.05356031, 0.03468616, 0.00048455]","[ 0.02404861,-0.01630674, 0.0042613 ]"
1,SMD1,SACE_ES_Independent,6.514020e-04,3775,44100,"[-0.00485468, 0.01102925,-0.00469832]","[ 0.00628088, 0.01445351,-0.02005018]"
1,SMD1,SACE_ES_MOGP,1.690492e-04,3775,44100,"[-0.00428084,-0.00674796, 0.00866157]","[0.00017456,0.00374879,0.00465129]"
1,SMD1,SACE_ES_Heteroscedastic,4.419524e-03,3775,44100,"[ 0.01048991,-0.00634346, 0.03612427]","[ 0.01452627,-0.04088298, 0.06890654]"
1,SMD1,NestedDE,6.611552e-06,2550,1989000,"[-0.00147941, 0.00029407,-0.00010425]","[ 2.31764625e-04, 2.06600631e-03,-4.54141020e-05]"
