run_id,problem_name,algorithm_name,final_ul_fitness,total_ul_nfe,total_ll_nfe,best_ul_solution,corresponding_ll_solution
1,SMD1,SACE_PSO,2.917293e-03,0,54600,"[-0.01135829, 0.0093847 ,-0.02273484]","[ 0.00716196, 0.01986269,-0.06432949]"
1,SMD1,SACE_PSO,1.605547e-03,0,54600,"[-0.00944415,-0.00921366, 0.00839115]","[ 0.01104399,-0.01051245,-0.02519772]"
1,SMD1,SACE_PSO,9.375306e-04,0,54600,"[0.00252972,0.00520485,0.01081595]","[-0.00017082, 0.02487155,-0.00216221]"
