run_id,problem_name,algorithm_name,final_ul_fitness,total_ul_nfe,total_ll_nfe,best_ul_solution,corresponding_ll_solution
1,SMD1,SACE_PSO,4.702513e-03,0,54600,"[-0.03435727, 0.03450089,-0.00685019]","[-0.02035188, 0.02150314,-0.04434802]"
1,SMD1,SACE_PSO,1.809196e-03,0,54600,"[-0.01676452, 0.00838536,-0.00410293]","[-0.00919768,-0.02884425, 0.01879487]"
1,SMD1,SACE_PSO,2.051865e-03,0,54600,"[ 0.01306371, 0.00679049,-0.01145707]","[ 0.02082807,-0.01681054, 0.01996362]"
1,SMD1,SACE_ES_Independent,1.284352e-03,3775,44100,"[-0.01277864,-0.00623941, 0.02309309]","[-0.01895928, 0.0134707 , 0.02590214]"
