run_id,problem_name,algorithm_name,final_ul_fitness,total_ul_nfe,total_ll_nfe,best_ul_solution,corresponding_ll_solution
1,SMD1,SACE_PSO,5.122037e-03,0,54600,"[ 0.03317163,-0.02297704,-0.02594548]","[ 0.01619066, 0.04494048,-0.04911767]"
1,SMD1,SACE_PSO,2.150247e-03,0,54600,"[ 0.01087274, 0.00503041,-0.01118928]","[ 0.02519468,-0.01952167, 0.01823078]"
