run_id,problem_name,algorithm_name,final_ul_fitness,total_ul_nfe,total_ll_nfe,best_ul_solution,corresponding_ll_solution
1,SMD1,SACE_PSO,1.253367e-03,0,54600,"[-0.02652835, 0.00875001,-0.00378458]","[-0.01466801, 0.00759812, 0.00984764]"
1,SMD1,SACE_PSO,3.228988e-03,0,54600,"[0.00219705,0.02980473,0.03785229]","[-0.00514733, 0.0030621 , 0.06719874]"
1,SMD1,SACE_PSO,2.692313e-03,0,54600,"[ 0.00462883, 0.0005461 ,-0.02295541]","[ 0.01839296,-0.01081252, 0.01813307]"
1,SMD1,SACE_ES_Independent,1.573537e-03,3775,44100,"[-0.01962528,-0.0082376 , 0.01462691]","[0.00405554,0.01043964,0.04255023]"
