run_id,problem_name,algorithm_name,final_ul_fitness,total_ul_nfe,total_ll_nfe,best_ul_solution,corresponding_ll_solution
1,SMD1,SACE_PSO,1.205732e-02,0,54600,"[ 0.06513307,-0.05930666, 0.05624573]","[ 0.02370883,-0.01798098, 0.04045289]"
1,SMD1,SACE_PSO,1.684957e-03,0,54600,"[ 0.00823106,-0.00300774, 0.03766182]","[0.00253806,0.01123486,0.04518643]"
