run_id,problem_name,algorithm_name,final_ul_fitness,total_ul_nfe,total_ll_nfe,best_ul_solution,corresponding_ll_solution
1,SMD1,SACE_PSO,1.682584e-03,0,54600,"[ 0.00676021,-0.01349557,-0.00980823]","[-0.0298392 ,-0.02118785,-0.00542089]"
1,SMD1,SACE_PSO,5.793839e-03,0,54600,"[ 0.04118981,-0.00592971, 0.00333236]","[-0.05782137, 0.00819404,-0.02197256]"
