run_id,problem_name,algorithm_name,final_ul_fitness,total_ul_nfe,total_ll_nfe,best_ul_solution,corresponding_ll_solution
1,SMD1,SACE_PSO,7.551029e-03,0,54600,"[ 0.06256286,-0.02622526, 0.02924373]","[-0.02553432, 0.03797126, 0.02886215]"
1,SMD1,SACE_PSO,6.715612e-03,0,54600,"[-0.01367776,-0.01979799, 0.05671144]","[0.02375735,0.03013726,0.01866039]"
