run_id,problem_name,algorithm_name,final_ul_fitness,total_ul_nfe,total_ll_nfe,best_ul_solution,corresponding_ll_solution
1,SMD1,SACE_PSO,1.354309e-03,0,54600,"[-0.02692407, 0.00852652,-0.00936986]","[ 0.01410592,-0.01049412,-0.02200767]"
1,SMD1,SACE_PSO,4.295283e-03,0,54600,"[0.02448236,0.01233168,0.04602204]","[-0.02844967,-0.0211801 , 0.03305555]"
