run_id,problem_name,algorithm_name,final_ul_fitness,total_ul_nfe,total_ll_nfe,best_ul_solution,corresponding_ll_solution
1,SMD1,SACE_PSO,4.872558e-03,0,54600,"[0.00704735,0.0187877 ,0.0618052 ]","[-0.00356315,-0.02487084, 0.06604238]"
1,SMD1,SACE_PSO,9.968495e-04,0,54600,"[-0.00343548,-0.00127339,-0.00545469]","[ 0.01038792,-0.01325571, 0.02042777]"
1,SMD1,SACE_PSO,5.548267e-04,0,54600,"[ 0.00565541,-0.00747315,-0.00235472]","[-0.01774276, 0.01098427,-0.00745268]"
1,SMD1,SACE_ES_Independent,3.350143e-04,3775,44100,"[-1.08584438e-02, 2.73199640e-05,-5.14168305e-03]","[-0.00238668,-0.01291547,-0.00940347]"
1,SMD1,SACE_ES_MOGP,4.527096e-05,3775,44100,"[0.00101233,0.00506077,0.00211607]","[-0.00362882, 0.00075695, 0.00276076]"
